,datetime,channel,store_code,bill_size,source
103419,2020-12-23 09:23:00,Pickup,D424,285455.0,Store
103420,2020-12-23 10:09:00,Pickup,D424,228182.0,Store
103421,2020-12-23 10:17:00,Pickup,D424,228182.0,Store
103422,2020-12-23 10:26:00,Pickup,D424,71818.0,Store
103423,2020-12-23 10:31:00,Delivery,D424,239091.0,Store
103424,2020-12-23 10:35:00,Pickup,D424,290909.0,Store
103425,2020-12-23 10:53:00,Pickup,D424,426364.0,Store
103426,2020-12-23 10:53:00,Pickup,D424,63636.0,Store
103427,2020-12-23 10:56:00,Pickup,D424,352727.0,Store
103428,2020-12-23 11:16:00,Pickup,D424,228182.0,Store
103429,2020-12-23 11:28:00,Pickup,D424,272727.0,Store
103430,2020-12-23 11:38:00,Pickup,D424,191818.0,Store
103431,2020-12-23 11:39:00,Pickup,D424,155455.0,Store
103432,2020-12-23 11:49:00,Pickup,D424,310000.0,Store
103433,2020-12-23 12:14:00,Pickup,D424,117273.0,Store
103436,2020-12-23 12:19:03,Dinein,D424,21818.0,Store
103434,2020-12-23 12:30:00,Pickup,D424,228182.0,Store
103435,2020-12-23 12:35:00,Pickup,D424,246364.0,Store
103437,2020-12-23 12:56:00,Pickup,D424,99091.0,Store
103438,2020-12-23 13:05:00,Pickup,D424,71818.0,Store
103439,2020-12-23 14:07:00,Pickup,D424,108182.0,Store
103440,2020-12-23 14:33:00,Pickup,D424,235455.0,WEBISTE
103441,2020-12-23 14:49:00,Pickup,D424,246364.0,Store
103442,2020-12-23 16:05:00,Pickup,D424,280000.0,Store
103443,2020-12-23 16:13:00,Pickup,D424,108182.0,Store
103444,2020-12-23 16:15:00,Pickup,D424,108182.0,Store
103445,2020-12-23 16:27:00,Pickup,D424,354545.0,Store
103446,2020-12-23 16:37:00,Pickup,D424,300909.0,Store
103447,2020-12-23 16:43:17,Dinein,D424,180909.0,Store
103448,2020-12-23 16:45:00,Pickup,D424,18182.0,Store
103449,2020-12-23 16:45:02,Dinein,D424,351818.0,Store
103450,2020-12-23 16:48:02,Dinein,D424,53636.0,Store
103451,2020-12-23 16:49:00,Pickup,D424,155455.0,Store
103452,2020-12-23 16:52:47,Dinein,D424,252727.0,Store
103453,2020-12-23 16:53:00,Pickup,D424,254545.0,Store
103454,2020-12-23 16:58:00,Pickup,D424,337273.0,Store
103455,2020-12-23 17:00:05,Dinein,D424,53636.0,Store
103456,2020-12-23 17:03:00,Pickup,D424,262727.0,Store
103457,2020-12-23 17:11:00,Pickup,D424,228182.0,Store
103458,2020-12-23 17:22:00,Pickup,D424,228182.0,Store
103459,2020-12-23 17:25:00,Pickup,D424,310000.0,Store
103460,2020-12-23 17:27:00,Pickup,D424,310000.0,Store
103461,2020-12-23 17:32:00,Pickup,D424,280000.0,Store
103462,2020-12-23 17:40:00,Pickup,D424,108182.0,Store
103463,2020-12-23 17:43:00,Pickup,D424,310000.0,Store
103464,2020-12-23 17:49:00,Pickup,D424,317273.0,Store
103465,2020-12-23 17:50:44,Dinein,D424,160909.0,Store
103466,2020-12-23 17:53:00,Pickup,D424,219091.0,Store
103467,2020-12-23 17:56:00,Pickup,D424,155455.0,Store
103469,2020-12-23 17:58:00,Pickup,D424,345455.0,Store
103471,2020-12-23 17:59:00,Pickup,D424,227273.0,Store
103470,2020-12-23 17:59:00,Pickup,D424,219091.0,Store
103472,2020-12-23 18:06:00,Pickup,D424,909.0,Store
103473,2020-12-23 18:09:35,Dinein,D424,179091.0,Store
103474,2020-12-23 18:10:00,Pickup,D424,263636.0,Store
103475,2020-12-23 18:13:00,Pickup,D424,228182.0,Store
103476,2020-12-23 18:18:00,Pickup,D424,180000.0,Store
103468,2020-12-23 18:20:00,Delivery,D424,526364.0,AGG-FOODY
103477,2020-12-23 18:21:00,Pickup,D424,143636.0,Store
103478,2020-12-23 18:21:00,Pickup,D424,219091.0,Store
103479,2020-12-23 18:23:00,Pickup,D424,71818.0,Store
103480,2020-12-23 18:30:00,Pickup,D424,263636.0,Store
103481,2020-12-23 18:35:49,Dinein,D424,216364.0,Store
103482,2020-12-23 18:39:00,Pickup,D424,228182.0,Store
103483,2020-12-23 18:42:31,Dinein,D424,299091.0,Store
103484,2020-12-23 18:48:00,Pickup,D424,310000.0,Store
103485,2020-12-23 18:49:00,Pickup,D424,219091.0,Store
103486,2020-12-23 18:50:00,Pickup,D424,310000.0,Store
103487,2020-12-23 18:52:00,Pickup,D424,155455.0,Store
103488,2020-12-23 18:53:00,Pickup,D424,26364.0,Store
103490,2020-12-23 18:54:40,Dinein,D424,306364.0,Store
103489,2020-12-23 18:55:00,Pickup,D424,228182.0,Store
103491,2020-12-23 18:59:00,Pickup,D424,310000.0,Store
103492,2020-12-23 19:00:00,Pickup,D424,300909.0,Store
103493,2020-12-23 19:03:00,Pickup,D424,246364.0,Store
103494,2020-12-23 19:05:00,Pickup,D424,228182.0,Store
103495,2020-12-23 19:13:00,Pickup,D424,228182.0,Store
103498,2020-12-23 19:20:00,Pickup,D424,35455.0,Store
103497,2020-12-23 19:24:00,Delivery,D424,117273.0,Store
103496,2020-12-23 19:24:00,Delivery,D424,405455.0,AGG-FOODY
103499,2020-12-23 19:24:00,Pickup,D424,264545.0,Store
103500,2020-12-23 19:26:00,Pickup,D424,108182.0,Store
103501,2020-12-23 19:27:00,Pickup,D424,228182.0,Store
103502,2020-12-23 19:29:00,Pickup,D424,310000.0,Store
103503,2020-12-23 19:31:00,Pickup,D424,219091.0,Store
103504,2020-12-23 19:37:00,Pickup,D424,228182.0,Store
103506,2020-12-23 19:39:42,Dinein,D424,414545.0,Store
103505,2020-12-23 19:41:00,Pickup,D424,71818.0,Store
103507,2020-12-23 19:44:00,Pickup,D424,219091.0,Store
103508,2020-12-23 19:45:10,Dinein,D424,299091.0,Store
103509,2020-12-23 19:47:00,Pickup,D424,108182.0,Store
103510,2020-12-23 19:48:00,Pickup,D424,219091.0,Store
103511,2020-12-23 19:49:18,Dinein,D424,143636.0,Store
103512,2020-12-23 19:52:00,Pickup,D424,228182.0,Store
103513,2020-12-23 19:54:00,Pickup,D424,219091.0,Store
103514,2020-12-23 19:55:00,Pickup,D424,243636.0,Store
103515,2020-12-23 19:57:00,Pickup,D424,219091.0,Store
103516,2020-12-23 20:01:00,Pickup,D424,108182.0,Store
103517,2020-12-23 20:05:00,Pickup,D424,228182.0,Store
103518,2020-12-23 20:11:00,Pickup,D424,108182.0,Store
103519,2020-12-23 20:17:00,Pickup,D424,108182.0,Store
103520,2020-12-23 20:21:00,Pickup,D424,108182.0,Store
103521,2020-12-23 20:34:00,Pickup,D424,155455.0,Store
103522,2020-12-23 20:36:00,Pickup,D424,300909.0,Store
103523,2020-12-23 20:38:00,Pickup,D424,254545.0,Store
103524,2020-12-23 20:38:00,Pickup,D424,243636.0,Store
103525,2020-12-23 20:39:00,Pickup,D424,71818.0,Store
103526,2020-12-23 20:39:27,Dinein,D424,108182.0,Store
103527,2020-12-23 20:41:09,Dinein,D424,103636.0,Store
103528,2020-12-23 20:42:00,Pickup,D424,399091.0,Store
103529,2020-12-23 20:43:00,Pickup,D424,158545.0,Store
103530,2020-12-23 21:06:00,Pickup,D424,219091.0,Store
103531,2020-12-23 21:23:00,Pickup,D424,219091.0,Store
103532,2020-12-23 21:26:00,Pickup,D424,219091.0,Store
109562,2020-12-24 10:06:00,Pickup,D424,262727.0,Store
109563,2020-12-24 10:07:45,Dinein,D424,299091.0,Store
109564,2020-12-24 11:13:00,Pickup,D424,246364.0,Store
109565,2020-12-24 11:23:00,Pickup,D424,219091.0,Store
109566,2020-12-24 11:27:12,Dinein,D424,260000.0,Store
109568,2020-12-24 11:38:12,Dinein,D424,452727.0,Store
109567,2020-12-24 11:44:00,Pickup,D424,272727.0,Store
109569,2020-12-24 11:50:00,Pickup,D424,300909.0,Store
109570,2020-12-24 11:54:00,Pickup,D424,310000.0,Store
109571,2020-12-24 12:03:00,Delivery,D424,1031818.0,Store
109572,2020-12-24 12:21:53,Dinein,D424,10909.0,Store
109573,2020-12-24 12:43:22,Dinein,D424,10909.0,Store
109574,2020-12-24 12:47:00,Delivery,D424,320909.0,CallCenter
109575,2020-12-24 12:53:00,Delivery,D424,236364.0,AGG-FOODY
109576,2020-12-24 12:57:00,Pickup,D424,155455.0,Store
109577,2020-12-24 13:16:52,Dinein,D424,408182.0,Store
109578,2020-12-24 13:31:01,Dinein,D424,10909.0,Store
109579,2020-12-24 13:52:54,Dinein,D424,10909.0,Store
109581,2020-12-24 14:44:54,Dinein,D424,351818.0,Store
109580,2020-12-24 14:52:00,Delivery,D424,128182.0,AGG-FOODY
109582,2020-12-24 15:16:00,Pickup,D424,507273.0,Store
109584,2020-12-24 15:28:00,Pickup,D424,99091.0,Store
109585,2020-12-24 15:40:00,Pickup,D424,705455.0,Store
109583,2020-12-24 15:42:00,Pickup,D424,219091.0,WEBISTE
109586,2020-12-24 16:03:00,Pickup,D424,228182.0,Store
109588,2020-12-24 16:09:00,Delivery,D424,684545.0,Store
109589,2020-12-24 16:14:00,Pickup,D424,400000.0,Store
109590,2020-12-24 16:17:00,Pickup,D424,219091.0,WEBISTE
109591,2020-12-24 16:19:00,Pickup,D424,300909.0,Store
109593,2020-12-24 16:20:00,Pickup,D424,108182.0,Store
109592,2020-12-24 16:20:00,Delivery,D424,411818.0,Store
109587,2020-12-24 16:20:00,Delivery,D424,210000.0,AGG-FOODY
109594,2020-12-24 16:23:00,Pickup,D424,180000.0,Store
109595,2020-12-24 16:28:00,Pickup,D424,228182.0,Store
109597,2020-12-24 16:31:56,Dinein,D424,317273.0,Store
109598,2020-12-24 16:34:00,Pickup,D424,155455.0,Store
109599,2020-12-24 16:35:00,Pickup,D424,400909.0,Store
109600,2020-12-24 16:39:00,Pickup,D424,228182.0,Store
109602,2020-12-24 16:47:45,Dinein,D424,299091.0,Store
109603,2020-12-24 16:51:00,Pickup,D424,153636.0,Store
109605,2020-12-24 17:00:20,Dinein,D424,216364.0,Store
109604,2020-12-24 17:01:00,Pickup,D424,228182.0,Store
109606,2020-12-24 17:05:00,Pickup,D424,235455.0,Store
109609,2020-12-24 17:05:11,Dinein,D424,299091.0,Store
109607,2020-12-24 17:06:00,Delivery,D424,320909.0,CallCenter
109608,2020-12-24 17:07:00,Pickup,D424,108182.0,Store
109611,2020-12-24 17:12:00,Pickup,D424,327273.0,Store
109612,2020-12-24 17:15:00,Pickup,D424,71818.0,Store
109613,2020-12-24 17:15:00,Pickup,D424,108182.0,Store
109614,2020-12-24 17:17:00,Pickup,D424,99091.0,Store
109615,2020-12-24 17:18:00,Pickup,D424,108182.0,Store
109616,2020-12-24 17:23:02,Dinein,D424,180909.0,Store
109610,2020-12-24 17:25:00,Delivery,D424,326364.0,AGG-FOODY
109617,2020-12-24 17:26:00,Pickup,D424,117273.0,Store
109618,2020-12-24 17:27:00,Pickup,D424,108182.0,Store
109619,2020-12-24 17:33:00,Pickup,D424,180000.0,Store
109620,2020-12-24 17:35:00,Pickup,D424,190000.0,Store
109621,2020-12-24 17:38:00,Pickup,D424,180909.0,Store
109624,2020-12-24 17:45:00,Pickup,D424,228182.0,Store
109625,2020-12-24 17:51:00,Pickup,D424,601818.0,Store
109623,2020-12-24 17:52:00,Pickup,D424,228182.0,WEBISTE
109634,2020-12-24 17:54:08,Dinein,D424,399091.0,Store
109627,2020-12-24 17:58:00,Pickup,D424,400000.0,Store
109596,2020-12-24 18:01:00,Pickup,D424,272727.0,CallCenter
109622,2020-12-24 18:02:00,Delivery,D424,327273.0,AGG-FOODY
109629,2020-12-24 18:02:00,Pickup,D424,219091.0,Store
109628,2020-12-24 18:02:00,Pickup,D424,507273.0,Store
109630,2020-12-24 18:03:00,Pickup,D424,109091.0,Store
109631,2020-12-24 18:07:00,Pickup,D424,300909.0,Store
109632,2020-12-24 18:07:50,Dinein,D424,299091.0,Store
109633,2020-12-24 18:10:00,Pickup,D424,228182.0,Store
109635,2020-12-24 18:13:00,Delivery,D424,320909.0,CallCenter
109636,2020-12-24 18:14:00,Pickup,D424,246364.0,Store
109637,2020-12-24 18:18:00,Pickup,D424,190000.0,Store
109626,2020-12-24 18:20:00,Delivery,D424,128182.0,AGG-FOODY
109601,2020-12-24 18:23:00,Delivery,D424,365455.0,CallCenter
109638,2020-12-24 18:24:41,Dinein,D424,416364.0,Store
109640,2020-12-24 18:27:58,Dinein,D424,71818.0,Store
109639,2020-12-24 18:28:00,Pickup,D424,191818.0,Store
109642,2020-12-24 18:32:00,Pickup,D424,153636.0,Store
109641,2020-12-24 18:32:00,Pickup,D424,263636.0,Store
109644,2020-12-24 18:33:59,Dinein,D424,279091.0,Store
109643,2020-12-24 18:34:51,Dinein,D424,243636.0,Store
109645,2020-12-24 18:41:19,Dinein,D424,299091.0,Store
109647,2020-12-24 18:43:00,Pickup,D424,246364.0,Store
109648,2020-12-24 18:44:30,Dinein,D424,207273.0,Store
109649,2020-12-24 18:46:00,Pickup,D424,246364.0,Store
109651,2020-12-24 19:02:33,Dinein,D424,317273.0,Store
109653,2020-12-24 19:07:15,Dinein,D424,90000.0,Store
109646,2020-12-24 19:08:00,Delivery,D424,200909.0,AGG-FOODY
109654,2020-12-24 19:12:09,Dinein,D424,71818.0,Store
109650,2020-12-24 19:17:00,Delivery,D424,324545.0,AGG-FOODY
109652,2020-12-24 19:20:00,Delivery,D424,210000.0,AGG-FOODY
109655,2020-12-24 19:21:04,Dinein,D424,180909.0,Store
109656,2020-12-24 19:28:00,Delivery,D424,108182.0,Store
109657,2020-12-24 19:31:47,Dinein,D424,352727.0,Store
109658,2020-12-24 19:32:00,Pickup,D424,108182.0,Store
109659,2020-12-24 19:33:57,Dinein,D424,544545.0,Store
109660,2020-12-24 19:36:00,Pickup,D424,191818.0,Store
109663,2020-12-24 19:44:00,Pickup,D424,228182.0,Store
109665,2020-12-24 19:46:05,Dinein,D424,290000.0,Store
109666,2020-12-24 19:49:00,Pickup,D424,310000.0,Store
109667,2020-12-24 19:50:00,Pickup,D424,310000.0,Store
109668,2020-12-24 19:51:00,Pickup,D424,219091.0,CallCenter
109662,2020-12-24 19:53:00,Delivery,D424,371818.0,AGG-FOODY
109669,2020-12-24 19:55:00,Pickup,D424,228182.0,Store
109661,2020-12-24 19:58:00,Delivery,D424,169773.0,CHATBOT
109664,2020-12-24 20:00:00,Delivery,D424,210000.0,AGG-FOODY
109670,2020-12-24 20:01:00,Pickup,D424,246364.0,Store
109671,2020-12-24 20:02:00,Pickup,D424,228182.0,Store
109672,2020-12-24 20:03:16,Dinein,D424,99091.0,Store
109673,2020-12-24 20:09:00,Pickup,D424,180909.0,Store
109674,2020-12-24 20:10:00,Pickup,D424,108182.0,Store
109675,2020-12-24 20:14:00,Pickup,D424,228182.0,Store
109676,2020-12-24 20:17:00,Pickup,D424,108182.0,Store
109678,2020-12-24 20:23:00,Pickup,D424,108182.0,Store
109679,2020-12-24 20:29:12,Dinein,D424,140000.0,Store
109680,2020-12-24 20:29:47,Dinein,D424,35455.0,Store
109682,2020-12-24 20:34:00,Pickup,D424,190000.0,Store
109683,2020-12-24 20:34:05,Dinein,D424,143636.0,Store
109684,2020-12-24 20:37:09,Dinein,D424,405455.0,Store
109677,2020-12-24 20:43:00,Delivery,D424,318182.0,AGG-FOODY
109681,2020-12-24 20:50:00,Delivery,D424,353636.0,AGG-FOODY
109685,2020-12-24 20:58:00,Pickup,D424,108182.0,Store
109686,2020-12-24 21:00:03,Dinein,D424,299091.0,Store
109687,2020-12-24 21:05:55,Dinein,D424,317273.0,Store
109689,2020-12-24 21:12:00,Pickup,D424,134545.0,Store
109690,2020-12-24 21:20:00,Pickup,D424,108182.0,Store
109688,2020-12-24 21:27:00,Delivery,D424,200909.0,AGG-FOODY
122146,2020-12-25 09:28:00,Pickup,D424,71818.0,Store
122147,2020-12-25 09:52:00,Pickup,D424,228182.0,Store
122148,2020-12-25 10:00:54,Dinein,D424,225455.0,Store
122149,2020-12-25 10:10:00,Pickup,D424,272727.0,Store
122151,2020-12-25 10:44:00,Pickup,D424,228182.0,Store
122152,2020-12-25 11:02:00,Pickup,D424,100000.0,Store
122153,2020-12-25 11:02:00,Pickup,D424,310000.0,Store
122156,2020-12-25 11:49:00,Pickup,D424,155455.0,Store
122158,2020-12-25 11:52:11,Dinein,D424,299091.0,Store
122157,2020-12-25 11:53:00,Pickup,D424,219091.0,Store
122159,2020-12-25 11:56:00,Pickup,D424,228182.0,Store
122161,2020-12-25 12:15:00,Pickup,D424,263636.0,Store
122160,2020-12-25 12:18:00,Delivery,D424,210000.0,AGG-FOODY
122150,2020-12-25 12:18:00,Delivery,D424,266364.0,CallCenter
122155,2020-12-25 12:19:00,Delivery,D424,128182.0,AGG-FOODY
122154,2020-12-25 12:19:00,Delivery,D424,248182.0,CallCenter
122162,2020-12-25 12:45:00,Delivery,D424,128182.0,AGG-FOODY
122163,2020-12-25 12:55:19,Dinein,D424,317273.0,Store
122164,2020-12-25 13:45:00,Delivery,D424,363636.0,AGG-FOODY
122165,2020-12-25 14:31:00,Pickup,D424,219091.0,Store
122166,2020-12-25 14:35:00,Pickup,D424,236364.0,Store
122167,2020-12-25 15:09:00,Pickup,D424,191818.0,Store
122168,2020-12-25 15:16:00,Delivery,D424,320909.0,CallCenter
122170,2020-12-25 15:47:00,Pickup,D424,300909.0,Store
122171,2020-12-25 15:53:00,Pickup,D424,228182.0,Store
122169,2020-12-25 15:58:00,Delivery,D424,209091.0,AGG-FOODY
122173,2020-12-25 16:11:00,Pickup,D424,228182.0,CallCenter
122172,2020-12-25 16:11:00,Pickup,D424,191818.0,Store
122174,2020-12-25 16:15:00,Pickup,D424,228182.0,Store
122175,2020-12-25 16:17:06,Dinein,D424,487273.0,Store
122176,2020-12-25 16:24:00,Pickup,D424,191818.0,Store
122177,2020-12-25 16:31:00,Pickup,D424,219091.0,Store
122178,2020-12-25 16:40:00,Pickup,D424,228182.0,Store
122179,2020-12-25 16:46:00,Pickup,D424,190000.0,Store
122180,2020-12-25 16:47:00,Pickup,D424,264545.0,Store
122182,2020-12-25 16:51:00,Pickup,D424,219091.0,Store
122181,2020-12-25 16:51:00,Pickup,D424,108182.0,Store
122183,2020-12-25 16:53:00,Pickup,D424,228182.0,Store
122184,2020-12-25 16:54:00,Pickup,D424,108182.0,WEBISTE
122185,2020-12-25 17:02:54,Dinein,D424,260909.0,Store
122186,2020-12-25 17:04:59,Dinein,D424,108182.0,Store
122187,2020-12-25 17:11:00,Delivery,D424,143636.0,Store
122188,2020-12-25 17:15:00,Pickup,D424,434545.0,Store
122189,2020-12-25 17:16:14,Dinein,D424,108182.0,Store
122191,2020-12-25 17:17:25,Dinein,D424,270000.0,Store
122192,2020-12-25 17:20:54,Dinein,D424,190000.0,Store
122193,2020-12-25 17:22:07,Dinein,D424,288182.0,Store
122194,2020-12-25 17:24:00,Pickup,D424,108182.0,Store
122195,2020-12-25 17:33:00,Pickup,D424,228182.0,Store
122196,2020-12-25 17:36:00,Pickup,D424,462727.0,Store
122190,2020-12-25 17:39:00,Delivery,D424,190000.0,CallCenter
122197,2020-12-25 17:39:00,Pickup,D424,310000.0,Store
122199,2020-12-25 17:45:27,Dinein,D424,299091.0,Store
122200,2020-12-25 17:49:32,Dinein,D424,317273.0,Store
122201,2020-12-25 17:54:38,Dinein,D424,297273.0,Store
122202,2020-12-25 18:00:00,Delivery,D424,590000.0,Store
122198,2020-12-25 18:00:00,Delivery,D424,470909.0,AGG-FOODY
122203,2020-12-25 18:02:00,Pickup,D424,246364.0,Store
122204,2020-12-25 18:03:00,Pickup,D424,190000.0,Store
122205,2020-12-25 18:06:00,Pickup,D424,180909.0,Store
122206,2020-12-25 18:07:00,Pickup,D424,219091.0,Store
122207,2020-12-25 18:08:47,Dinein,D424,377273.0,Store
122211,2020-12-25 18:20:04,Dinein,D424,45455.0,Store
122212,2020-12-25 18:34:00,Pickup,D424,246364.0,Store
122213,2020-12-25 18:37:00,Pickup,D424,246364.0,Store
122208,2020-12-25 18:38:00,Delivery,D424,119091.0,AGG-FOODY
122214,2020-12-25 18:57:00,Pickup,D424,228182.0,Store
122215,2020-12-25 18:58:00,Pickup,D424,246364.0,Store
122216,2020-12-25 19:02:11,Dinein,D424,299091.0,Store
122217,2020-12-25 19:05:17,Dinein,D424,479091.0,Store
122218,2020-12-25 19:05:49,Dinein,D424,299091.0,Store
122210,2020-12-25 19:08:00,Dinein,D424,303636.0,Store
122209,2020-12-25 19:08:00,Delivery,D424,424545.0,AGG-FOODY
122219,2020-12-25 19:12:00,Pickup,D424,219091.0,Store
122220,2020-12-25 19:13:05,Dinein,D424,99091.0,Store
122221,2020-12-25 19:22:00,Pickup,D424,180909.0,Store
122222,2020-12-25 19:26:50,Dinein,D424,299091.0,Store
122224,2020-12-25 19:30:10,Dinein,D424,134545.0,Store
122223,2020-12-25 19:33:00,Pickup,D424,243636.0,Store
122225,2020-12-25 19:38:14,Dinein,D424,386364.0,Store
122226,2020-12-25 19:43:00,Pickup,D424,246364.0,Store
122227,2020-12-25 19:48:00,Delivery,D424,248182.0,CallCenter
122228,2020-12-25 19:55:51,Dinein,D424,62727.0,Store
122229,2020-12-25 20:00:00,Pickup,D424,90000.0,Store
122230,2020-12-25 20:10:00,Pickup,D424,99091.0,Store
122231,2020-12-25 20:13:00,Pickup,D424,264545.0,Store
122232,2020-12-25 20:14:29,Dinein,D424,299091.0,Store
122233,2020-12-25 20:17:49,Dinein,D424,261818.0,Store
122240,2020-12-25 20:21:06,Dinein,D424,10909.0,Store
122234,2020-12-25 20:22:00,Pickup,D424,61045.0,Store
122235,2020-12-25 20:23:11,Dinein,D424,225455.0,Store
122236,2020-12-25 20:33:00,Pickup,D424,228182.0,Store
122237,2020-12-25 20:33:55,Dinein,D424,333636.0,Store
122238,2020-12-25 20:57:07,Dinein,D424,62727.0,Store
122239,2020-12-25 21:01:00,Pickup,D424,108182.0,Store
122241,2020-12-25 21:06:00,Dinein,D424,10909.0,Store
122242,2020-12-25 21:14:00,Pickup,D424,99091.0,Store
131015,2020-12-26 09:51:00,Pickup,D424,246364.0,Store
131016,2020-12-26 10:06:31,Dinein,D424,143636.0,Store
131017,2020-12-26 10:23:00,Pickup,D424,300909.0,CallCenter
131018,2020-12-26 10:26:00,Pickup,D424,108182.0,Store
131019,2020-12-26 10:43:00,Pickup,D424,228182.0,Store
131020,2020-12-26 10:48:19,Dinein,D424,299091.0,Store
131022,2020-12-26 11:01:19,Dinein,D424,130909.0,Store
131021,2020-12-26 11:05:00,Delivery,D424,353636.0,AGG-FOODY
131023,2020-12-26 11:09:20,Dinein,D424,208182.0,Store
131024,2020-12-26 11:13:00,Pickup,D424,310000.0,Store
131025,2020-12-26 11:18:00,Pickup,D424,207273.0,Store
131028,2020-12-26 11:52:47,Dinein,D424,361818.0,Store
131029,2020-12-26 11:57:40,Dinein,D424,333636.0,Store
131027,2020-12-26 12:00:00,Delivery,D424,345455.0,AGG-FOODY
131026,2020-12-26 12:00:00,Delivery,D424,436364.0,AGG-FOODY
131030,2020-12-26 12:15:00,Pickup,D424,71818.0,Store
131031,2020-12-26 12:19:00,Delivery,D424,266364.0,CallCenter
131032,2020-12-26 12:23:23,Dinein,D424,244545.0,Store
131033,2020-12-26 12:30:32,Dinein,D424,343636.0,Store
131034,2020-12-26 12:40:05,Dinein,D424,287273.0,Store
131035,2020-12-26 13:04:00,Pickup,D424,262727.0,Store
131036,2020-12-26 13:24:19,Dinein,D424,299091.0,Store
131037,2020-12-26 13:34:54,Dinein,D424,54545.0,Store
131038,2020-12-26 13:47:00,Delivery,D424,248182.0,Store
131039,2020-12-26 13:57:00,Delivery,D424,411818.0,CallCenter
131040,2020-12-26 13:57:00,Dinein,D424,124000.0,Store
131041,2020-12-26 14:01:11,Dinein,D424,909.0,Store
131042,2020-12-26 14:14:17,Dinein,D424,142727.0,Store
131044,2020-12-26 14:52:00,Pickup,D424,300909.0,Store
131043,2020-12-26 15:05:00,Delivery,D424,200909.0,AGG-FOODY
131045,2020-12-26 15:07:00,Pickup,D424,353636.0,WEBISTE
131046,2020-12-26 15:11:00,Pickup,D424,219091.0,Store
131047,2020-12-26 15:13:00,Pickup,D424,246364.0,Store
131048,2020-12-26 15:15:00,Pickup,D424,219091.0,Store
131051,2020-12-26 15:35:00,Delivery,D424,237273.0,AGG-FOODY-NOW
131050,2020-12-26 15:35:00,Pickup,D424,191818.0,Store
131049,2020-12-26 15:45:00,Delivery,D424,291818.0,AGG-FOODY
131053,2020-12-26 15:50:00,Pickup,D424,246364.0,Store
131054,2020-12-26 15:56:00,Pickup,D424,191818.0,Store
131052,2020-12-26 15:57:00,Delivery,D424,45455.0,AGG-FOODY
131056,2020-12-26 16:12:42,Dinein,D424,315455.0,Store
131055,2020-12-26 16:15:00,Delivery,D424,128182.0,AGG-FOODY
131057,2020-12-26 16:15:00,Delivery,D424,152727.0,CallCenter
131058,2020-12-26 16:15:22,Dinein,D424,317273.0,Store
131060,2020-12-26 16:23:19,Dinein,D424,299091.0,Store
131059,2020-12-26 16:24:00,Pickup,D424,190000.0,Store
131061,2020-12-26 16:29:00,Pickup,D424,246364.0,Store
131062,2020-12-26 16:30:00,Pickup,D424,228182.0,Store
131063,2020-12-26 16:33:00,Pickup,D424,117273.0,Store
131065,2020-12-26 16:40:00,Pickup,D424,71818.0,Store
131066,2020-12-26 16:41:00,Pickup,D424,108182.0,Store
131067,2020-12-26 16:47:00,Pickup,D424,71818.0,Store
131068,2020-12-26 16:50:00,Pickup,D424,246364.0,Store
131064,2020-12-26 16:53:00,Delivery,D424,509091.0,AGG-FOODY
131069,2020-12-26 17:01:00,Pickup,D424,228182.0,Store
131070,2020-12-26 17:12:09,Dinein,D424,569091.0,Store
131071,2020-12-26 17:20:00,Pickup,D424,228182.0,Store
131072,2020-12-26 17:28:19,Dinein,D424,108182.0,Store
131073,2020-12-26 17:39:00,Pickup,D424,228182.0,Store
131075,2020-12-26 17:41:29,Dinein,D424,260909.0,Store
131074,2020-12-26 17:43:00,Delivery,D424,239091.0,CallCenter
131077,2020-12-26 17:49:50,Dinein,D424,475455.0,Store
131076,2020-12-26 17:52:00,Pickup,D424,219091.0,Store
131078,2020-12-26 17:55:00,Pickup,D424,71818.0,Store
131079,2020-12-26 17:55:00,Pickup,D424,317273.0,Store
131080,2020-12-26 17:57:47,Dinein,D424,161818.0,Store
131081,2020-12-26 18:00:00,Pickup,D424,219091.0,Store
131082,2020-12-26 18:02:00,Pickup,D424,18182.0,Store
131085,2020-12-26 18:04:52,Delivery,D424,200903.0,AGG-FOODY-NOW
131084,2020-12-26 18:04:52,Dinein,D424,226364.0,Store
131083,2020-12-26 18:06:00,Pickup,D424,198182.0,Store
131087,2020-12-26 18:15:00,Pickup,D424,228182.0,Store
131088,2020-12-26 18:16:00,Pickup,D424,601818.0,Store
131089,2020-12-26 18:27:00,Pickup,D424,108182.0,Store
131086,2020-12-26 18:28:00,Delivery,D424,6.0,AGG-FOODY
131090,2020-12-26 18:54:33,Dinein,D424,266364.0,Store
131092,2020-12-26 19:01:55,Dinein,D424,407273.0,Store
131093,2020-12-26 19:02:21,Dinein,D424,560909.0,Store
131094,2020-12-26 19:05:25,Dinein,D424,317273.0,Store
131095,2020-12-26 19:08:08,Dinein,D424,431818.0,Store
131096,2020-12-26 19:12:00,Pickup,D424,108182.0,Store
131091,2020-12-26 19:13:00,Delivery,D424,119091.0,AGG-FOODY
131097,2020-12-26 19:15:00,Pickup,D424,228182.0,Store
131098,2020-12-26 19:16:00,Pickup,D424,344545.0,Store
131099,2020-12-26 19:35:00,Delivery,D424,237273.0,AGG-FOODY
131100,2020-12-26 19:40:00,Pickup,D424,219091.0,Store
131101,2020-12-26 19:41:33,Dinein,D424,261818.0,Store
131102,2020-12-26 19:46:00,Pickup,D424,108182.0,Store
131103,2020-12-26 19:47:00,Pickup,D424,108182.0,Store
131105,2020-12-26 19:51:15,Dinein,D424,415455.0,Store
131106,2020-12-26 19:56:00,Pickup,D424,228182.0,Store
131107,2020-12-26 19:59:00,Pickup,D424,380909.0,Store
131104,2020-12-26 20:03:00,Delivery,D424,119091.0,AGG-FOODY
131109,2020-12-26 20:10:32,Dinein,D424,361818.0,Store
131110,2020-12-26 20:15:38,Dinein,D424,143636.0,Store
131111,2020-12-26 20:17:52,Dinein,D424,279091.0,Store
131112,2020-12-26 20:20:00,Pickup,D424,190000.0,Store
131113,2020-12-26 20:20:17,Dinein,D424,179091.0,Store
131108,2020-12-26 20:23:00,Delivery,D424,320909.0,CallCenter
131114,2020-12-26 20:35:54,Dinein,D424,108182.0,Store
131115,2020-12-26 20:43:00,Pickup,D424,228182.0,Store
131116,2020-12-26 20:50:00,Pickup,D424,71818.0,Store
131117,2020-12-26 20:59:00,Pickup,D424,99091.0,Store
141080,2020-12-27 19:21:11,Dinein,D424,299091.0,Store
141081,2020-12-27 19:23:00,Pickup,D424,108182.0,Store
141082,2020-12-27 19:25:00,Pickup,D424,219091.0,Store
141083,2020-12-27 19:28:00,Pickup,D424,310000.0,Store
141084,2020-12-27 19:29:09,Dinein,D424,269091.0,Store
141085,2020-12-27 19:30:22,Dinein,D424,215455.0,Store
141086,2020-12-27 19:37:00,Pickup,D424,191818.0,Store
141088,2020-12-27 19:45:00,Pickup,D424,246364.0,Store
141090,2020-12-27 19:48:23,Dinein,D424,299091.0,Store
141092,2020-12-27 19:59:30,Dinein,D424,408182.0,Store
141091,2020-12-27 20:00:00,Delivery,D424,320909.0,CallCenter
141089,2020-12-27 20:02:00,Delivery,D424,210000.0,AGG-FOODY
141087,2020-12-27 20:03:00,Delivery,D424,272727.0,AGG-FOODY
141093,2020-12-27 20:06:00,Pickup,D424,219091.0,Store
141094,2020-12-27 20:08:00,Pickup,D424,228182.0,Store
141095,2020-12-27 20:17:27,Dinein,D424,490909.0,Store
141096,2020-12-27 20:23:24,Dinein,D424,315455.0,Store
141097,2020-12-27 20:29:47,Dinein,D424,188182.0,Store
141098,2020-12-27 20:38:00,Pickup,D424,190000.0,Store
141099,2020-12-27 20:51:27,Dinein,D424,43636.0,Store
141100,2020-12-27 20:55:00,Pickup,D424,108182.0,Store
141101,2020-12-27 21:17:59,Dinein,D424,299091.0,Store
141103,2020-12-27 21:27:00,Pickup,D424,155455.0,Store
141102,2020-12-27 21:34:00,Delivery,D424,119091.0,AGG-FOODY
151345,2020-12-28 09:39:00,Delivery,D424,180909.0,CallCenter
151346,2020-12-28 10:55:00,Pickup,D424,219091.0,Store
151347,2020-12-28 10:58:30,Dinein,D424,333636.0,Store
151348,2020-12-28 11:06:00,Pickup,D424,191818.0,Store
151349,2020-12-28 11:12:26,Dinein,D424,317273.0,Store
151350,2020-12-28 11:23:00,Dinein,D424,43636.0,Store
151351,2020-12-28 12:30:00,Pickup,D424,71818.0,Store
151352,2020-12-28 12:44:00,Pickup,D424,219091.0,Store
151353,2020-12-28 12:50:00,Pickup,D424,246364.0,Store
151355,2020-12-28 14:03:00,Pickup,D424,190000.0,Store
151357,2020-12-28 14:50:00,Pickup,D424,219091.0,Store
151358,2020-12-28 14:59:00,Pickup,D424,190000.0,CallCenter
151359,2020-12-28 15:10:41,Dinein,D424,380000.0,Store
151354,2020-12-28 15:17:00,Delivery,D424,363636.0,AGG-FOODY
151356,2020-12-28 15:17:00,Delivery,D424,248182.0,CallCenter
151360,2020-12-28 15:42:00,Pickup,D424,228182.0,Store
151361,2020-12-28 15:44:00,Pickup,D424,135455.0,Store
151362,2020-12-28 16:03:17,Dinein,D424,180909.0,Store
151363,2020-12-28 16:26:31,Dinein,D424,35455.0,Store
151364,2020-12-28 16:30:00,Pickup,D424,108182.0,Store
151366,2020-12-28 16:46:00,Pickup,D424,27273.0,Store
151367,2020-12-28 16:50:08,Dinein,D424,290000.0,Store
151365,2020-12-28 17:20:00,Delivery,D424,248182.0,CallCenter
151368,2020-12-28 17:26:00,Delivery,D424,239091.0,CallCenter
151369,2020-12-28 17:43:00,Pickup,D424,219091.0,Store
151370,2020-12-28 17:46:00,Pickup,D424,262727.0,Store
151371,2020-12-28 17:51:34,Dinein,D424,199091.0,Store
151372,2020-12-28 18:10:00,Pickup,D424,108182.0,Store
151373,2020-12-28 18:15:32,Dinein,D424,330000.0,Store
151374,2020-12-28 18:19:30,Dinein,D424,370909.0,Store
151375,2020-12-28 18:30:00,Pickup,D424,246364.0,Store
151376,2020-12-28 18:34:01,Dinein,D424,287273.0,Store
151378,2020-12-28 18:41:49,Dinein,D424,299091.0,Store
151379,2020-12-28 18:45:13,Dinein,D424,323636.0,Store
151377,2020-12-28 18:53:00,Delivery,D424,119091.0,AGG-FOODY
151380,2020-12-28 18:53:00,Pickup,D424,191818.0,Store
151381,2020-12-28 19:00:00,Pickup,D424,71818.0,WEBISTE
151382,2020-12-28 19:07:00,Pickup,D424,108182.0,Store
151384,2020-12-28 19:29:00,Pickup,D424,228182.0,Store
151385,2020-12-28 19:31:59,Dinein,D424,197273.0,Store
151383,2020-12-28 19:33:00,Delivery,D424,210000.0,AGG-FOODY
151388,2020-12-28 19:49:33,Dinein,D424,188182.0,Store
151389,2020-12-28 19:54:53,Dinein,D424,299091.0,Store
151390,2020-12-28 20:07:25,Dinein,D424,226364.0,Store
151391,2020-12-28 20:12:39,Dinein,D424,341818.0,Store
151393,2020-12-28 20:22:00,Pickup,D424,99091.0,Store
151394,2020-12-28 20:24:00,Pickup,D424,99091.0,Store
151387,2020-12-28 20:29:00,Delivery,D424,486364.0,AGG-FOODY
151386,2020-12-28 20:29:00,Delivery,D424,191818.0,AGG-FOODY
151395,2020-12-28 20:34:00,Pickup,D424,190000.0,Store
151392,2020-12-28 20:43:00,Pickup,D424,228182.0,CallCenter
151396,2020-12-28 20:46:01,Dinein,D424,171818.0,Store
151397,2020-12-28 21:21:23,Dinein,D424,21818.0,Store
155725,2020-12-29 09:52:00,Pickup,D424,379091.0,Store
155726,2020-12-29 10:05:25,Dinein,D424,152727.0,Store
155727,2020-12-29 10:08:00,Pickup,D424,190000.0,Store
155728,2020-12-29 10:34:48,Dinein,D424,10909.0,Store
155729,2020-12-29 10:37:39,Dinein,D424,261818.0,Store
155730,2020-12-29 10:59:00,Delivery,D424,225455.0,Store
155731,2020-12-29 11:43:00,Pickup,D424,108182.0,Store
155732,2020-12-29 11:50:00,Pickup,D424,108182.0,Store
155733,2020-12-29 11:55:00,Pickup,D424,108182.0,Store
155734,2020-12-29 11:58:35,Dinein,D424,207273.0,Store
155735,2020-12-29 12:51:00,Delivery,D424,694545.0,Store
155736,2020-12-29 14:24:00,Delivery,D424,211818.0,CallCenter
155737,2020-12-29 14:33:00,Pickup,D424,153636.0,Store
155738,2020-12-29 14:42:00,Delivery,D424,292727.0,CallCenter
155739,2020-12-29 15:02:00,Pickup,D424,180909.0,Store
155740,2020-12-29 15:10:00,Delivery,D424,362727.0,CallCenter
155741,2020-12-29 15:25:00,Delivery,D424,390909.0,AGG-FOODY
155742,2020-12-29 15:41:39,Dinein,D424,570000.0,Store
155743,2020-12-29 15:52:00,Delivery,D424,290909.0,AGG-FOODY
155744,2020-12-29 16:00:00,Pickup,D424,71818.0,Store
155745,2020-12-29 16:20:14,Dinein,D424,100000.0,Store
155746,2020-12-29 16:31:00,Pickup,D424,243636.0,Store
155747,2020-12-29 16:36:00,Pickup,D424,219091.0,Store
155748,2020-12-29 16:38:00,Pickup,D424,290909.0,Store
155749,2020-12-29 16:39:00,Pickup,D424,219091.0,Store
155750,2020-12-29 16:43:21,Dinein,D424,108182.0,Store
155751,2020-12-29 17:02:00,Pickup,D424,108182.0,Store
155752,2020-12-29 17:05:00,Pickup,D424,295455.0,Store
155753,2020-12-29 17:07:00,Pickup,D424,99091.0,Store
155755,2020-12-29 17:13:53,Dinein,D424,299091.0,Store
155756,2020-12-29 17:13:53,Delivery,D424,82727.0,AGG-FOODY-NOW
155754,2020-12-29 17:16:00,Pickup,D424,108182.0,Store
155758,2020-12-29 17:26:00,Pickup,D424,108182.0,Store
155759,2020-12-29 17:33:32,Dinein,D424,408182.0,Store
155757,2020-12-29 17:40:00,Delivery,D424,45455.0,AGG-FOODY
155760,2020-12-29 17:43:00,Pickup,D424,462727.0,Store
155761,2020-12-29 17:45:00,Pickup,D424,264545.0,Store
155762,2020-12-29 17:54:00,Pickup,D424,143636.0,Store
155763,2020-12-29 18:03:36,Dinein,D424,360000.0,Store
155764,2020-12-29 18:09:00,Pickup,D424,228182.0,Store
155765,2020-12-29 18:26:39,Dinein,D424,288182.0,Store
155766,2020-12-29 18:34:00,Pickup,D424,226364.0,Store
155770,2020-12-29 18:46:43,Dinein,D424,21818.0,Store
155767,2020-12-29 19:02:00,Delivery,D424,248182.0,CallCenter
155768,2020-12-29 19:03:37,Dinein,D424,597273.0,Store
155769,2020-12-29 19:08:00,Pickup,D424,99091.0,Store
155771,2020-12-29 19:18:14,Dinein,D424,108182.0,Store
155772,2020-12-29 19:22:00,Pickup,D424,228182.0,Store
155773,2020-12-29 19:37:00,Pickup,D424,219091.0,Store
155774,2020-12-29 19:38:17,Dinein,D424,100000.0,Store
155775,2020-12-29 19:41:06,Dinein,D424,378182.0,Store
155776,2020-12-29 19:44:00,Pickup,D424,262727.0,Store
155777,2020-12-29 19:45:31,Dinein,D424,289091.0,Store
155778,2020-12-29 19:51:41,Dinein,D424,317273.0,Store
155779,2020-12-29 20:04:00,Pickup,D424,246364.0,Store
155780,2020-12-29 20:21:00,Pickup,D424,155455.0,Store
155781,2020-12-29 20:34:47,Dinein,D424,153636.0,Store
155782,2020-12-29 20:41:42,Dinein,D424,299091.0,Store
155783,2020-12-29 20:43:00,Pickup,D424,354545.0,CallCenter
155784,2020-12-29 20:58:00,Delivery,D424,200000.0,AGG-FOODY
155785,2020-12-29 21:00:00,Pickup,D424,108182.0,Store
160582,2020-12-30 09:24:00,Pickup,D424,71818.0,Store
160583,2020-12-30 09:59:00,Delivery,D424,108182.0,CallCenter
160584,2020-12-30 10:38:00,Pickup,D424,264545.0,Store
160585,2020-12-30 11:04:29,Dinein,D424,134545.0,Store
160586,2020-12-30 11:11:00,Pickup,D424,310000.0,Store
160588,2020-12-30 11:19:07,Dinein,D424,260909.0,Store
160589,2020-12-30 11:21:49,Dinein,D424,350000.0,Store
160587,2020-12-30 11:32:00,Delivery,D424,218182.0,AGG-FOODY
160590,2020-12-30 11:40:00,Delivery,D424,119091.0,AGG-FOODY
160591,2020-12-30 12:04:00,Delivery,D424,2276364.0,AGG-FOODY
160592,2020-12-30 12:15:00,Delivery,D424,210000.0,AGG-FOODY
160594,2020-12-30 12:46:00,Pickup,D424,153636.0,Store
160593,2020-12-30 12:52:00,Delivery,D424,518182.0,Store
160595,2020-12-30 13:00:04,Dinein,D424,80000.0,Store
160604,2020-12-30 13:03:30,Dinein,D424,423636.0,Store
160596,2020-12-30 13:22:13,Dinein,D424,198182.0,Store
160597,2020-12-30 13:25:58,Dinein,D424,285455.0,Store
160598,2020-12-30 14:50:00,Delivery,D424,226364.0,AGG-FOODY
160599,2020-12-30 15:13:00,Pickup,D424,246364.0,CallCenter
160600,2020-12-30 15:32:00,Pickup,D424,228182.0,Store
160601,2020-12-30 15:32:00,Delivery,D424,400000.0,CallCenter
160602,2020-12-30 16:13:00,Pickup,D424,228182.0,Store
160603,2020-12-30 16:16:00,Pickup,D424,155455.0,Store
160605,2020-12-30 16:21:00,Pickup,D424,300909.0,Store
160606,2020-12-30 16:24:00,Pickup,D424,219091.0,Store
160607,2020-12-30 16:37:00,Pickup,D424,155455.0,Store
160608,2020-12-30 16:42:00,Pickup,D424,264545.0,Store
160609,2020-12-30 16:45:00,Pickup,D424,219091.0,Store
160610,2020-12-30 17:21:00,Pickup,D424,228182.0,Store
160611,2020-12-30 17:23:00,Pickup,D424,180000.0,Store
160612,2020-12-30 17:48:00,Delivery,D424,668182.0,AGG-FOODY
160614,2020-12-30 17:54:00,Pickup,D424,108182.0,Store
160615,2020-12-30 17:55:24,Dinein,D424,350909.0,Store
160616,2020-12-30 18:00:10,Dinein,D424,299091.0,Store
160613,2020-12-30 18:04:00,Delivery,D424,1524545.0,CallCenter
160617,2020-12-30 18:13:00,Pickup,D424,219091.0,Store
160618,2020-12-30 18:23:00,Delivery,D424,119091.0,AGG-FOODY
160619,2020-12-30 18:42:00,Pickup,D424,155455.0,Store
160620,2020-12-30 18:44:00,Pickup,D424,155455.0,Store
160621,2020-12-30 19:01:00,Pickup,D424,360909.0,Store
160622,2020-12-30 19:02:00,Delivery,D424,355455.0,CallCenter
160623,2020-12-30 19:04:51,Dinein,D424,225455.0,Store
160624,2020-12-30 19:10:35,Dinein,D424,452727.0,Store
160625,2020-12-30 19:14:04,Dinein,D424,71818.0,Store
160626,2020-12-30 19:20:57,Dinein,D424,299091.0,Store
160627,2020-12-30 19:25:26,Dinein,D424,35455.0,Store
160628,2020-12-30 19:34:00,Pickup,D424,228182.0,Store
160629,2020-12-30 19:39:00,Delivery,D424,478182.0,AGG-FOODY
160630,2020-12-30 19:40:00,Pickup,D424,190000.0,Store
160631,2020-12-30 20:01:00,Pickup,D424,155455.0,Store
160632,2020-12-30 20:03:00,Pickup,D424,108182.0,Store
160633,2020-12-30 20:05:00,Pickup,D424,300909.0,Store
160634,2020-12-30 20:06:06,Dinein,D424,423636.0,Store
160635,2020-12-30 20:12:57,Dinein,D424,21818.0,Store
160636,2020-12-30 20:28:21,Dinein,D424,198182.0,Store
160637,2020-12-30 20:35:00,Pickup,D424,219091.0,Store
160639,2020-12-30 21:17:00,Delivery,D424,128182.0,AGG-FOODY
160638,2020-12-30 21:17:00,Delivery,D424,128182.0,AGG-FOODY
166267,2020-12-31 10:02:00,Delivery,D424,234545.0,Store
166268,2020-12-31 10:10:00,Delivery,D424,374545.0,CallCenter
166269,2020-12-31 10:32:00,Pickup,D424,108182.0,Store
166270,2020-12-31 10:52:00,Delivery,D424,374545.0,CallCenter
166271,2020-12-31 11:23:10,Dinein,D424,299091.0,Store
166274,2020-12-31 11:36:41,Dinein,D424,415455.0,Store
166272,2020-12-31 11:39:00,Delivery,D424,266364.0,Store
166273,2020-12-31 11:41:00,Pickup,D424,228182.0,Store
166276,2020-12-31 11:59:00,Pickup,D424,219091.0,Store
166275,2020-12-31 12:00:00,Delivery,D424,137273.0,AGG-FOODY
166277,2020-12-31 12:05:49,Dinein,D424,299091.0,Store
166278,2020-12-31 12:29:00,Delivery,D424,411818.0,WEBISTE
166279,2020-12-31 12:50:00,Delivery,D424,210000.0,AGG-FOODY
166280,2020-12-31 12:52:35,Dinein,D424,280000.0,Store
166281,2020-12-31 12:58:33,Dinein,D424,361818.0,Store
166282,2020-12-31 13:56:23,Dinein,D424,32727.0,Store
166284,2020-12-31 14:50:00,Pickup,D424,190000.0,Store
166285,2020-12-31 14:54:44,Dinein,D424,152727.0,Store
166286,2020-12-31 15:04:00,Pickup,D424,219091.0,CallCenter
166287,2020-12-31 15:17:00,Pickup,D424,108182.0,Store
166288,2020-12-31 15:39:00,Pickup,D424,99091.0,Store
166289,2020-12-31 15:42:00,Delivery,D424,119091.0,AGG-FOODY
166291,2020-12-31 16:01:57,Dinein,D424,299091.0,Store
166293,2020-12-31 16:22:26,Dinein,D424,314545.0,Store
166294,2020-12-31 16:25:00,Pickup,D424,94545.0,Store
166292,2020-12-31 16:29:00,Pickup,D424,353636.0,WEBISTE
166295,2020-12-31 16:36:46,Dinein,D424,225455.0,Store
166296,2020-12-31 16:49:06,Dinein,D424,324545.0,Store
166283,2020-12-31 16:57:00,Delivery,D424,248182.0,WEBISTE
166297,2020-12-31 16:58:23,Dinein,D424,134545.0,Store
166298,2020-12-31 17:00:09,Dinein,D424,269091.0,Store
166299,2020-12-31 17:04:00,Delivery,D424,274545.0,CallCenter
166290,2020-12-31 17:16:00,Pickup,D424,228182.0,WEBISTE
166300,2020-12-31 17:19:00,Pickup,D424,263636.0,Store
166302,2020-12-31 17:24:00,Pickup,D424,271818.0,Store
166303,2020-12-31 17:24:45,Dinein,D424,325455.0,Store
166304,2020-12-31 17:30:00,Pickup,D424,191818.0,Store
166305,2020-12-31 17:32:00,Pickup,D424,190000.0,Store
166306,2020-12-31 17:35:00,Pickup,D424,117273.0,Store
166301,2020-12-31 17:38:00,Delivery,D424,375455.0,AGG-FOODY
166307,2020-12-31 17:41:00,Delivery,D424,175455.0,CallCenter
166308,2020-12-31 17:43:00,Delivery,D424,357273.0,CallCenter
166309,2020-12-31 17:51:00,Pickup,D424,337273.0,Store
166310,2020-12-31 17:57:00,Pickup,D424,208182.0,Store
166311,2020-12-31 17:59:00,Pickup,D424,271818.0,Store
166312,2020-12-31 18:02:02,Dinein,D424,251818.0,Store
166313,2020-12-31 18:08:00,Delivery,D424,161500.0,Store
166314,2020-12-31 18:09:13,Dinein,D424,299091.0,Store
166315,2020-12-31 18:33:00,Pickup,D424,306364.0,Store
166316,2020-12-31 18:34:23,Dinein,D424,408182.0,Store
166317,2020-12-31 18:39:00,Pickup,D424,212727.0,WEBISTE
166318,2020-12-31 18:39:45,Dinein,D424,99091.0,Store
166319,2020-12-31 18:40:00,Pickup,D424,155455.0,Store
166320,2020-12-31 18:45:00,Delivery,D424,161500.0,Store
166321,2020-12-31 18:54:23,Dinein,D424,18182.0,Store
166322,2020-12-31 18:59:00,Pickup,D424,263636.0,Store
166323,2020-12-31 19:07:15,Dinein,D424,408182.0,Store
166324,2020-12-31 19:09:00,Pickup,D424,190000.0,CallCenter
166325,2020-12-31 19:09:04,Dinein,D424,225455.0,Store
166326,2020-12-31 19:22:35,Dinein,D424,251818.0,Store
166327,2020-12-31 19:22:48,Dinein,D424,299091.0,Store
166328,2020-12-31 19:30:00,Pickup,D424,71818.0,Store
166329,2020-12-31 19:34:07,Dinein,D424,431818.0,Store
166330,2020-12-31 19:38:03,Dinein,D424,117273.0,Store
166331,2020-12-31 19:43:13,Dinein,D424,252727.0,Store
166332,2020-12-31 19:56:00,Pickup,D424,219091.0,Store
166333,2020-12-31 19:58:00,Pickup,D424,246364.0,Store
166335,2020-12-31 19:59:25,Dinein,D424,161818.0,Store
166336,2020-12-31 20:00:00,Pickup,D424,226364.0,Store
166337,2020-12-31 20:03:26,Dinein,D424,117273.0,Store
166338,2020-12-31 20:05:21,Dinein,D424,108182.0,Store
166339,2020-12-31 20:06:41,Dinein,D424,35455.0,Store
166340,2020-12-31 20:12:00,Pickup,D424,170909.0,Store
166334,2020-12-31 20:13:00,Delivery,D424,300000.0,AGG-FOODY
166342,2020-12-31 20:14:00,Pickup,D424,191818.0,WEBISTE
166341,2020-12-31 20:14:00,Pickup,D424,228182.0,Store
166343,2020-12-31 20:15:20,Dinein,D424,180909.0,Store
166344,2020-12-31 20:27:59,Dinein,D424,188182.0,Store
166345,2020-12-31 20:30:34,Dinein,D424,35455.0,Store
166346,2020-12-31 20:36:00,Pickup,D424,108182.0,Store
166347,2020-12-31 20:39:20,Dinein,D424,389091.0,Store
166348,2020-12-31 20:47:23,Dinein,D424,133636.0,Store
166349,2020-12-31 20:51:00,Pickup,D424,246364.0,Store
166350,2020-12-31 20:53:00,Pickup,D424,108182.0,Store
166351,2020-12-31 21:06:00,Pickup,D424,108182.0,Store
166352,2020-12-31 21:16:00,Pickup,D424,108182.0,Store
166353,2020-12-31 21:17:00,Pickup,D424,228182.0,Store
166354,2020-12-31 21:19:00,Pickup,D424,71818.0,Store
166355,2020-12-31 21:22:00,Pickup,D424,108182.0,Store
166356,2020-12-31 21:25:00,Pickup,D424,310000.0,Store
166357,2020-12-31 21:32:00,Pickup,D424,228182.0,Store
176939,2021-01-01 09:22:00,Pickup,D424,228182.0,Store
176940,2021-01-01 09:55:00,Pickup,D424,254545.0,Store
176941,2021-01-01 10:05:00,Pickup,D424,190000.0,Store
176942,2021-01-01 10:13:00,Delivery,D424,320909.0,CallCenter
176943,2021-01-01 10:13:00,Pickup,D424,300909.0,Store
176944,2021-01-01 10:23:00,Pickup,D424,310000.0,Store
176946,2021-01-01 10:39:00,Delivery,D424,190000.0,CallCenter
176945,2021-01-01 10:39:00,Delivery,D424,310909.0,CallCenter
176947,2021-01-01 10:41:29,Dinein,D424,447273.0,Store
176948,2021-01-01 10:46:00,Pickup,D424,219091.0,Store
176949,2021-01-01 10:48:00,Pickup,D424,263636.0,Store
176952,2021-01-01 11:12:27,Dinein,D424,143636.0,Store
176951,2021-01-01 11:14:00,Pickup,D424,300909.0,Store
176953,2021-01-01 11:20:00,Pickup,D424,190000.0,Store
176954,2021-01-01 11:20:00,Pickup,D424,246364.0,CallCenter
176955,2021-01-01 11:22:15,Dinein,D424,71818.0,Store
176957,2021-01-01 11:23:20,Dinein,D424,317273.0,Store
176956,2021-01-01 11:24:00,Pickup,D424,117273.0,Store
176958,2021-01-01 11:27:00,Pickup,D424,117273.0,Store
176960,2021-01-01 11:31:57,Dinein,D424,343636.0,Store
176961,2021-01-01 11:39:52,Dinein,D424,243636.0,Store
176959,2021-01-01 11:43:00,Delivery,D424,382727.0,AGG-FOODY
176963,2021-01-01 11:52:37,Dinein,D424,271818.0,Store
176962,2021-01-01 11:53:04,Dinein,D424,650909.0,Store
176964,2021-01-01 11:58:00,Pickup,D424,299091.0,Store
176950,2021-01-01 12:00:00,Delivery,D424,337273.0,WEBISTE
176965,2021-01-01 12:02:00,Dinein,D424,27273.0,Store
176966,2021-01-01 12:07:00,Pickup,D424,262727.0,Store
176967,2021-01-01 12:11:47,Dinein,D424,531818.0,Store
176968,2021-01-01 12:14:00,Pickup,D424,228182.0,Store
176969,2021-01-01 12:25:00,Delivery,D424,266364.0,WEBISTE
176970,2021-01-01 12:27:45,Dinein,D424,317273.0,Store
176971,2021-01-01 12:34:00,Delivery,D424,357273.0,CallCenter
176972,2021-01-01 12:40:00,Pickup,D424,246364.0,Store
176973,2021-01-01 12:58:22,Dinein,D424,386364.0,Store
176974,2021-01-01 13:10:00,Delivery,D424,374545.0,CallCenter
176975,2021-01-01 13:14:00,Pickup,D424,228182.0,Store
176976,2021-01-01 13:21:23,Dinein,D424,72727.0,Store
176977,2021-01-01 13:22:50,Dinein,D424,544545.0,Store
176978,2021-01-01 13:46:55,Dinein,D424,189091.0,Store
176979,2021-01-01 14:05:06,Dinein,D424,317273.0,Store
176981,2021-01-01 14:24:47,Dinein,D424,317273.0,Store
176980,2021-01-01 14:25:00,Delivery,D424,237273.0,AGG-FOODY
176982,2021-01-01 14:32:00,Pickup,D424,108182.0,Store
176983,2021-01-01 14:39:00,Pickup,D424,161818.0,Store
176986,2021-01-01 15:05:00,Pickup,D424,152727.0,Store
176987,2021-01-01 15:21:00,Pickup,D424,246364.0,Store
176985,2021-01-01 15:21:00,Delivery,D424,248182.0,CallCenter
176988,2021-01-01 15:25:00,Pickup,D424,208182.0,Store
176990,2021-01-01 15:26:58,Dinein,D424,359091.0,Store
176989,2021-01-01 15:28:00,Pickup,D424,310000.0,Store
176991,2021-01-01 15:34:00,Delivery,D424,357273.0,CallCenter
176992,2021-01-01 15:35:18,Dinein,D424,107273.0,Store
176984,2021-01-01 15:36:00,Pickup,D424,142727.0,WEBISTE
176994,2021-01-01 15:45:00,Pickup,D424,108182.0,Store
176995,2021-01-01 15:47:00,Delivery,D424,248182.0,CallCenter
176996,2021-01-01 15:51:00,Delivery,D424,153636.0,CallCenter
176997,2021-01-01 15:51:00,Pickup,D424,191818.0,Store
176998,2021-01-01 15:51:00,Delivery,D424,236364.0,AGG-FOODY-NOW
176993,2021-01-01 15:55:00,Delivery,D424,300909.0,WEBISTE
176999,2021-01-01 15:55:00,Delivery,D424,45455.0,AGG-FOODY
177000,2021-01-01 16:00:00,Pickup,D424,300909.0,Store
177001,2021-01-01 16:11:16,Dinein,D424,422727.0,Store
177002,2021-01-01 16:23:00,Pickup,D424,800000.0,Store
177003,2021-01-01 16:30:00,Dinein,D424,161818.0,Store
177004,2021-01-01 16:34:00,Pickup,D424,219091.0,Store
177005,2021-01-01 16:38:00,Pickup,D424,601818.0,Store
177006,2021-01-01 16:40:00,Pickup,D424,228182.0,Store
177007,2021-01-01 16:41:53,Dinein,D424,324545.0,Store
177009,2021-01-01 16:44:57,Dinein,D424,360909.0,Store
177008,2021-01-01 16:46:00,Pickup,D424,219091.0,Store
177010,2021-01-01 16:48:43,Dinein,D424,361818.0,Store
177011,2021-01-01 16:51:15,Dinein,D424,35455.0,Store
177012,2021-01-01 16:55:43,Dinein,D424,361818.0,Store
177013,2021-01-01 16:58:00,Pickup,D424,108182.0,Store
177014,2021-01-01 16:59:17,Dinein,D424,71818.0,Store
177016,2021-01-01 17:04:08,Dinein,D424,35455.0,Store
177017,2021-01-01 17:06:03,Dinein,D424,421818.0,Store
177018,2021-01-01 17:12:00,Pickup,D424,300909.0,Store
177019,2021-01-01 17:15:00,Pickup,D424,108182.0,Store
177015,2021-01-01 17:17:00,Delivery,D424,420909.0,WEBISTE
177020,2021-01-01 17:23:00,Delivery,D424,320909.0,CallCenter
177021,2021-01-01 17:28:00,Pickup,D424,179091.0,WEBISTE
177022,2021-01-01 17:38:03,Dinein,D424,215455.0,Store
177024,2021-01-01 17:47:00,Delivery,D424,639091.0,CallCenter
177026,2021-01-01 17:55:15,Dinein,D424,543636.0,Store
177023,2021-01-01 17:56:00,Pickup,D424,190000.0,WEBISTE
177025,2021-01-01 17:56:00,Pickup,D424,272727.0,Store
177028,2021-01-01 17:59:02,Dinein,D424,460909.0,Store
177027,2021-01-01 18:02:00,Delivery,D424,499091.0,AGG-FOODY
177030,2021-01-01 18:04:00,Pickup,D424,108182.0,Store
177053,2021-01-01 18:04:33,Dinein,D424,408182.0,Store
177031,2021-01-01 18:04:41,Dinein,D424,361818.0,Store
177029,2021-01-01 18:09:00,Delivery,D424,291818.0,AGG-FOODY
177032,2021-01-01 18:11:09,Dinein,D424,343636.0,Store
177033,2021-01-01 18:16:00,Pickup,D424,228182.0,Store
177035,2021-01-01 18:22:11,Dinein,D424,234545.0,Store
177034,2021-01-01 18:24:00,Pickup,D424,190000.0,Store
177037,2021-01-01 18:29:00,Delivery,D424,284545.0,WEBISTE
177038,2021-01-01 18:30:00,Pickup,D424,100000.0,Store
177039,2021-01-01 18:31:00,Pickup,D424,300909.0,Store
177040,2021-01-01 18:35:00,Pickup,D424,310000.0,Store
177041,2021-01-01 18:37:00,Pickup,D424,199091.0,Store
177042,2021-01-01 18:42:00,Pickup,D424,246364.0,CallCenter
177043,2021-01-01 18:49:00,Pickup,D424,228182.0,Store
177045,2021-01-01 18:51:29,Dinein,D424,253636.0,Store
177046,2021-01-01 18:56:00,Pickup,D424,272727.0,CallCenter
177047,2021-01-01 18:57:00,Pickup,D424,198182.0,Store
177048,2021-01-01 18:58:00,Pickup,D424,153636.0,Store
177044,2021-01-01 19:09:00,Delivery,D424,108182.0,Store
177050,2021-01-01 19:09:31,Dinein,D424,315455.0,Store
177051,2021-01-01 19:12:00,Pickup,D424,290909.0,Store
177052,2021-01-01 19:17:00,Pickup,D424,71818.0,Store
177054,2021-01-01 19:26:56,Dinein,D424,27273.0,Store
177055,2021-01-01 19:32:00,Pickup,D424,228182.0,Store
177056,2021-01-01 19:32:56,Dinein,D424,250909.0,Store
177036,2021-01-01 19:35:00,Delivery,D424,237273.0,AGG-FOODY
177049,2021-01-01 19:35:00,Delivery,D424,280000.0,CallCenter
177058,2021-01-01 19:40:24,Dinein,D424,299091.0,Store
177057,2021-01-01 19:44:00,Delivery,D424,282727.0,AGG-FOODY
177059,2021-01-01 19:49:00,Pickup,D424,228182.0,Store
177060,2021-01-01 19:49:12,Dinein,D424,216364.0,Store
177061,2021-01-01 20:09:27,Dinein,D424,299091.0,Store
177062,2021-01-01 20:14:08,Dinein,D424,215455.0,Store
177063,2021-01-01 20:40:05,Dinein,D424,405455.0,Store
177064,2021-01-01 20:45:00,Pickup,D424,219091.0,Store
177065,2021-01-01 20:47:00,Pickup,D424,190000.0,Store
177066,2021-01-01 20:57:17,Dinein,D424,243636.0,Store
177067,2021-01-01 21:00:00,Pickup,D424,300909.0,Store
192012,2021-01-02 08:47:00,Delivery,D424,847273.0,Store
192016,2021-01-02 08:54:03,Dinein,D424,35455.0,Store
192013,2021-01-02 09:00:00,Pickup,D424,219091.0,Store
192014,2021-01-02 09:02:05,Dinein,D424,1000909.0,Store
192015,2021-01-02 09:08:35,Dinein,D424,260000.0,Store
192017,2021-01-02 09:19:00,Pickup,D424,246364.0,Store
192018,2021-01-02 10:36:00,Delivery,D424,248182.0,CallCenter
192019,2021-01-02 10:54:00,Pickup,D424,246364.0,Store
192020,2021-01-02 11:17:00,Pickup,D424,180000.0,Store
192021,2021-01-02 11:20:00,Pickup,D424,267273.0,Store
192022,2021-01-02 11:22:00,Pickup,D424,228182.0,Store
192023,2021-01-02 11:29:40,Dinein,D424,431818.0,Store
192025,2021-01-02 11:49:00,Pickup,D424,108182.0,Store
192026,2021-01-02 11:51:00,Pickup,D424,228182.0,Store
192027,2021-01-02 11:57:58,Dinein,D424,65455.0,Store
192029,2021-01-02 12:03:00,Pickup,D424,400000.0,Store
192028,2021-01-02 12:03:00,Delivery,D424,239091.0,CallCenter
192024,2021-01-02 12:05:00,Delivery,D424,239091.0,WEBISTE
192030,2021-01-02 12:08:00,Pickup,D424,157273.0,Store
192031,2021-01-02 12:22:00,Pickup,D424,212727.0,Store
192032,2021-01-02 12:23:00,Pickup,D424,71818.0,Store
192033,2021-01-02 12:25:16,Dinein,D424,225455.0,Store
192034,2021-01-02 12:36:00,Delivery,D424,248182.0,WEBISTE
192035,2021-01-02 12:42:00,Pickup,D424,219091.0,Store
192036,2021-01-02 12:46:00,Delivery,D424,239091.0,CallCenter
192037,2021-01-02 12:50:00,Pickup,D424,135455.0,Store
192038,2021-01-02 13:08:00,Pickup,D424,108182.0,Store
192039,2021-01-02 13:12:48,Dinein,D424,406364.0,Store
192040,2021-01-02 13:24:00,Pickup,D424,228182.0,CallCenter
192041,2021-01-02 13:39:00,Delivery,D424,234545.0,CallCenter
192042,2021-01-02 13:45:57,Dinein,D424,21818.0,Store
192043,2021-01-02 13:51:57,Dinein,D424,189091.0,Store
192044,2021-01-02 14:13:00,Pickup,D424,153636.0,Store
192045,2021-01-02 14:17:00,Pickup,D424,228182.0,Store
192046,2021-01-02 14:22:00,Delivery,D424,420909.0,CallCenter
192047,2021-01-02 14:34:00,Pickup,D424,246364.0,Store
192048,2021-01-02 14:42:00,Pickup,D424,228182.0,Store
192052,2021-01-02 15:25:09,Dinein,D424,260909.0,Store
192053,2021-01-02 15:29:09,Dinein,D424,378182.0,Store
192051,2021-01-02 15:30:00,Delivery,D424,320909.0,CallCenter
192049,2021-01-02 15:32:00,Delivery,D424,128182.0,AGG-FOODY
192050,2021-01-02 15:32:00,Delivery,D424,128182.0,AGG-FOODY
192054,2021-01-02 15:39:00,Pickup,D424,228182.0,Store
192056,2021-01-02 15:46:00,Delivery,D424,226364.0,AGG-FOODY-NOW
192055,2021-01-02 15:46:00,Pickup,D424,219091.0,CallCenter
192057,2021-01-02 15:51:00,Delivery,D424,45455.0,AGG-FOODY
192058,2021-01-02 15:59:17,Dinein,D424,402727.0,Store
192059,2021-01-02 16:11:00,Pickup,D424,317273.0,CallCenter
192060,2021-01-02 16:17:00,Pickup,D424,246364.0,Store
192061,2021-01-02 16:19:11,Dinein,D424,170000.0,Store
192062,2021-01-02 16:22:00,Pickup,D424,190000.0,Store
192064,2021-01-02 16:24:00,Pickup,D424,252727.0,Store
192065,2021-01-02 16:25:00,Delivery,D424,248182.0,CallCenter
192063,2021-01-02 16:28:00,Delivery,D424,128182.0,AGG-FOODY
192066,2021-01-02 16:31:24,Dinein,D424,260909.0,Store
192068,2021-01-02 16:34:19,Dinein,D424,299091.0,Store
192067,2021-01-02 16:36:00,Pickup,D424,317273.0,Store
192069,2021-01-02 16:40:00,Pickup,D424,208182.0,Store
192070,2021-01-02 16:50:29,Dinein,D424,108182.0,Store
192071,2021-01-02 16:54:00,Pickup,D424,300909.0,Store
192072,2021-01-02 16:55:00,Pickup,D424,155455.0,Store
192073,2021-01-02 17:02:36,Dinein,D424,343636.0,Store
192075,2021-01-02 17:05:40,Dinein,D424,180909.0,Store
192074,2021-01-02 17:06:00,Pickup,D424,228182.0,CallCenter
192077,2021-01-02 17:16:00,Pickup,D424,246364.0,Store
192078,2021-01-02 17:16:29,Dinein,D424,441818.0,Store
192079,2021-01-02 17:20:42,Dinein,D424,279091.0,Store
192080,2021-01-02 17:25:01,Dinein,D424,296364.0,Store
192081,2021-01-02 17:26:00,Pickup,D424,300909.0,Store
192082,2021-01-02 17:28:00,Pickup,D424,355455.0,Store
192083,2021-01-02 17:32:00,Pickup,D424,391818.0,Store
192076,2021-01-02 17:33:00,Delivery,D424,284545.0,CallCenter
192084,2021-01-02 17:37:00,Pickup,D424,117273.0,Store
192085,2021-01-02 17:48:55,Dinein,D424,299091.0,Store
192086,2021-01-02 17:54:00,Pickup,D424,228182.0,Store
192087,2021-01-02 18:02:45,Dinein,D424,497273.0,Store
192091,2021-01-02 18:06:32,Dinein,D424,225455.0,Store
192090,2021-01-02 18:09:00,Delivery,D424,320909.0,WEBISTE
192092,2021-01-02 18:15:00,Pickup,D424,300909.0,Store
192093,2021-01-02 18:19:00,Pickup,D424,228182.0,Store
192094,2021-01-02 18:21:00,Pickup,D424,413636.0,Store
192095,2021-01-02 18:23:27,Dinein,D424,208182.0,Store
192096,2021-01-02 18:24:02,Dinein,D424,469091.0,Store
192097,2021-01-02 18:28:00,Pickup,D424,228182.0,Store
192098,2021-01-02 18:28:50,Dinein,D424,125455.0,Store
192099,2021-01-02 18:31:00,Pickup,D424,100000.0,Store
192088,2021-01-02 18:38:00,Delivery,D424,128182.0,AGG-FOODY
192089,2021-01-02 18:38:00,Delivery,D424,128182.0,AGG-FOODY
192100,2021-01-02 18:42:42,Dinein,D424,317273.0,Store
192103,2021-01-02 19:00:00,Pickup,D424,228182.0,Store
192101,2021-01-02 19:01:00,Delivery,D424,218182.0,AGG-FOODY
192104,2021-01-02 19:05:00,Pickup,D424,117273.0,Store
192105,2021-01-02 19:11:00,Pickup,D424,252727.0,CallCenter
192106,2021-01-02 19:11:00,Pickup,D424,300000.0,Store
192107,2021-01-02 19:12:00,Pickup,D424,45455.0,Store
192108,2021-01-02 19:13:18,Dinein,D424,377273.0,Store
192110,2021-01-02 19:22:00,Pickup,D424,134545.0,Store
192112,2021-01-02 19:25:00,Pickup,D424,246364.0,Store
192113,2021-01-02 19:27:00,Pickup,D424,354545.0,Store
192102,2021-01-02 19:27:00,Delivery,D424,291818.0,AGG-FOODY
192109,2021-01-02 19:28:00,Delivery,D424,128182.0,AGG-FOODY
192111,2021-01-02 19:28:00,Delivery,D424,200909.0,AGG-FOODY
192114,2021-01-02 19:54:44,Dinein,D424,225455.0,Store
192115,2021-01-02 20:05:56,Dinein,D424,71818.0,Store
192116,2021-01-02 20:07:41,Dinein,D424,351818.0,Store
192117,2021-01-02 20:15:00,Pickup,D424,71818.0,Store
192120,2021-01-02 20:16:26,Dinein,D424,299091.0,Store
192119,2021-01-02 20:19:24,Dinein,D424,71818.0,Store
192121,2021-01-02 20:21:27,Dinein,D424,452727.0,Store
192123,2021-01-02 20:34:00,Pickup,D424,300909.0,Store
192118,2021-01-02 20:39:00,Delivery,D424,437273.0,Store
192124,2021-01-02 20:50:31,Dinein,D424,162727.0,Store
192122,2021-01-02 20:57:00,Delivery,D424,380909.0,AGG-FOODY
192125,2021-01-02 21:06:00,Delivery,D424,335455.0,AGG-FOODY
202800,2021-01-03 10:05:00,Pickup,D424,190000.0,Store
202801,2021-01-03 10:12:00,Dinein,D424,87273.0,Store
202799,2021-01-03 10:15:00,Delivery,D424,236364.0,AGG-FOODY
202802,2021-01-03 10:22:42,Dinein,D424,544545.0,Store
202803,2021-01-03 10:23:50,Dinein,D424,242727.0,Store
202804,2021-01-03 10:25:40,Dinein,D424,449091.0,Store
202805,2021-01-03 10:36:41,Dinein,D424,18182.0,Store
202798,2021-01-03 10:37:00,Pickup,D424,909.0,WEBISTE
202807,2021-01-03 10:39:00,Pickup,D424,300909.0,CallCenter
202806,2021-01-03 10:40:00,Pickup,D424,108182.0,Store
202808,2021-01-03 10:44:00,Pickup,D424,254545.0,Store
202810,2021-01-03 10:59:50,Dinein,D424,90000.0,Store
202811,2021-01-03 11:16:00,Delivery,D424,137273.0,AGG-FOODY
202813,2021-01-03 11:19:00,Delivery,D424,283636.0,CallCenter
202809,2021-01-03 11:32:00,Delivery,D424,391818.0,WEBISTE
202814,2021-01-03 11:32:56,Dinein,D424,217273.0,Store
202816,2021-01-03 11:49:00,Delivery,D424,270909.0,CallCenter
202812,2021-01-03 11:52:00,Delivery,D424,161500.0,CallCenter
202817,2021-01-03 11:54:00,Pickup,D424,155455.0,Store
202818,2021-01-03 11:56:36,Dinein,D424,230000.0,Store
202819,2021-01-03 12:03:00,Delivery,D424,190000.0,CallCenter
202820,2021-01-03 12:09:00,Pickup,D424,233636.0,Store
202815,2021-01-03 12:13:00,Pickup,D424,27273.0,Store
202823,2021-01-03 12:38:00,Delivery,D424,363636.0,AGG-FOODY
202825,2021-01-03 12:39:00,Pickup,D424,228182.0,Store
202826,2021-01-03 12:42:00,Pickup,D424,155455.0,Store
202824,2021-01-03 12:42:00,Delivery,D424,128182.0,AGG-FOODY
202827,2021-01-03 12:46:11,Dinein,D424,90000.0,Store
202821,2021-01-03 12:54:00,Delivery,D424,210000.0,AGG-FOODY
202822,2021-01-03 12:55:00,Delivery,D424,275455.0,CallCenter
202829,2021-01-03 13:02:00,Pickup,D424,280909.0,Store
202828,2021-01-03 13:17:00,Delivery,D424,210000.0,AGG-FOODY
202830,2021-01-03 13:35:00,Pickup,D424,263636.0,Store
202849,2021-01-03 13:41:10,Dinein,D424,284545.0,Store
202831,2021-01-03 13:49:12,Dinein,D424,10909.0,Store
202833,2021-01-03 14:01:00,Pickup,D424,161818.0,Store
202832,2021-01-03 14:22:00,Delivery,D424,274545.0,CallCenter
202834,2021-01-03 14:37:00,Pickup,D424,153636.0,Store
202835,2021-01-03 14:49:00,Delivery,D424,383636.0,CallCenter
202837,2021-01-03 15:12:00,Pickup,D424,190000.0,Store
202836,2021-01-03 15:17:00,Delivery,D424,272727.0,AGG-FOODY
202838,2021-01-03 15:21:00,Delivery,D424,237273.0,AGG-FOODY
202839,2021-01-03 15:25:21,Dinein,D424,190000.0,Store
202840,2021-01-03 15:35:00,Delivery,D424,128182.0,AGG-FOODY
202841,2021-01-03 15:40:00,Delivery,D424,248182.0,WEBISTE
202842,2021-01-03 15:52:00,Pickup,D424,263636.0,Store
202843,2021-01-03 15:57:00,Pickup,D424,262727.0,Store
202844,2021-01-03 16:04:00,Pickup,D424,408182.0,CallCenter
202845,2021-01-03 16:05:00,Pickup,D424,300909.0,CallCenter
202846,2021-01-03 16:07:10,Dinein,D424,315455.0,Store
202848,2021-01-03 16:11:50,Dinein,D424,108182.0,Store
202847,2021-01-03 16:13:00,Pickup,D424,354545.0,Store
202850,2021-01-03 16:47:00,Pickup,D424,380000.0,Store
202851,2021-01-03 17:03:00,Delivery,D424,237273.0,AGG-FOODY
202852,2021-01-03 17:09:00,Delivery,D424,291818.0,AGG-FOODY
202853,2021-01-03 17:12:13,Dinein,D424,352727.0,Store
202854,2021-01-03 17:15:00,Pickup,D424,400909.0,Store
202855,2021-01-03 17:16:00,Dinein,D424,422727.0,Store
202856,2021-01-03 17:24:36,Dinein,D424,258182.0,Store
202857,2021-01-03 17:26:55,Dinein,D424,251818.0,Store
202858,2021-01-03 17:31:39,Dinein,D424,35455.0,Store
202859,2021-01-03 17:35:04,Dinein,D424,299091.0,Store
202860,2021-01-03 17:42:00,Pickup,D424,228182.0,Store
202861,2021-01-03 18:11:00,Pickup,D424,219091.0,Store
202863,2021-01-03 18:11:00,Pickup,D424,45455.0,Store
202862,2021-01-03 18:11:00,Pickup,D424,173636.0,Store
202864,2021-01-03 18:14:04,Dinein,D424,379091.0,Store
202865,2021-01-03 18:17:41,Dinein,D424,325455.0,Store
202866,2021-01-03 18:25:24,Dinein,D424,161818.0,Store
202867,2021-01-03 18:29:00,Pickup,D424,310000.0,Store
202868,2021-01-03 18:30:00,Pickup,D424,300909.0,Store
202869,2021-01-03 18:31:35,Dinein,D424,385455.0,Store
202870,2021-01-03 18:36:27,Dinein,D424,299091.0,Store
202871,2021-01-03 18:42:00,Delivery,D424,444545.0,AGG-FOODY
202872,2021-01-03 18:50:00,Pickup,D424,462727.0,Store
202873,2021-01-03 19:01:00,Pickup,D424,108182.0,Store
202874,2021-01-03 19:09:00,Pickup,D424,219091.0,Store
202876,2021-01-03 19:10:45,Dinein,D424,361818.0,Store
202875,2021-01-03 19:11:00,Pickup,D424,108182.0,Store
202877,2021-01-03 19:12:06,Dinein,D424,189091.0,Store
202878,2021-01-03 19:14:00,Pickup,D424,228182.0,Store
202879,2021-01-03 19:23:00,Delivery,D424,175455.0,Store
202880,2021-01-03 19:26:00,Pickup,D424,108182.0,Store
202881,2021-01-03 19:33:00,Pickup,D424,228182.0,Store
202882,2021-01-03 19:37:24,Dinein,D424,225455.0,Store
202883,2021-01-03 19:43:00,Pickup,D424,108182.0,Store
202884,2021-01-03 19:58:00,Pickup,D424,155455.0,Store
202886,2021-01-03 20:08:00,Pickup,D424,228182.0,Store
202885,2021-01-03 20:11:00,Delivery,D424,237273.0,AGG-FOODY
202887,2021-01-03 20:16:00,Pickup,D424,108182.0,Store
202888,2021-01-03 20:18:00,Pickup,D424,300909.0,Store
202889,2021-01-03 20:19:10,Dinein,D424,253636.0,Store
202890,2021-01-03 20:22:00,Pickup,D424,246364.0,Store
202891,2021-01-03 20:24:25,Dinein,D424,108182.0,Store
202892,2021-01-03 20:29:00,Delivery,D424,239091.0,Store
202893,2021-01-03 20:32:00,Pickup,D424,263636.0,Store
202895,2021-01-03 20:41:14,Dinein,D424,469091.0,Store
202894,2021-01-03 20:44:00,Pickup,D424,362727.0,Store
202896,2021-01-03 20:46:00,Pickup,D424,228182.0,Store
202897,2021-01-03 20:49:38,Dinein,D424,243636.0,Store
202898,2021-01-03 20:52:00,Pickup,D424,180909.0,Store
202899,2021-01-03 20:56:00,Pickup,D424,180000.0,Store
202797,2021-01-03 20:59:00,Pickup,D424,69455.0,Store
